Wall time,Step,Value
1744939910.7699955,4,-2.420099973678589
1744939967.4578295,14,-1.8624500036239624
1744939973.212466,15,-1.8431099653244019
1744939990.364141,18,-1.631719946861267
1744939996.077602,19,-1.53056001663208
1744940013.5714724,22,-1.1839900016784668
1744940037.0582242,26,-0.8877699971199036
1744940042.8592694,27,-0.8188999891281128
1744940118.7274733,40,-0.2982099950313568
1744940157.891871,47,-0.08608999848365784
1744940163.4373684,48,-0.05855000019073486
1744940168.9407647,49,-0.03135000169277191
1744940196.6559012,54,0.07408999651670456
1744940240.772103,62,0.22919000685214996
1744940246.2882862,63,0.24938000738620758
1744940262.8161392,66,0.3000600039958954
1744940268.295478,67,0.3116999864578247
1744940284.841276,70,0.3609299957752228
1744940290.3605816,71,0.3770099878311157
1744940323.3471725,77,0.46303001046180725
1744940350.9904304,82,0.5181999802589417
1744940389.684008,89,0.590690016746521
1744940444.7089539,99,0.674560010433197
1744940466.9504395,103,0.7042999863624573
1744940483.4281135,106,0.722819983959198
1744940488.973305,107,0.7293300032615662
1744940539.3563106,116,0.7629299759864807
1744940567.4286585,121,0.7793099880218506
1744940589.8577647,125,0.7881699800491333
1744940595.4650166,126,0.7873700261116028
1744940606.619907,128,0.7927799820899963
1744940617.7672124,130,0.8013299703598022
1744940651.007518,136,0.814520001411438
1744940656.6467674,137,0.8075100183486938
1744940695.3964589,144,0.8054900169372559
1744940706.3848054,146,0.8087300062179565
1744940711.896226,147,0.8158100247383118
1744940728.3832371,150,0.8296499848365784
1744940767.2823396,157,0.8446900248527527
1744940784.0042691,160,0.8409900069236755
1744940795.1616638,162,0.8394399881362915
1744940806.4235096,164,0.8327000141143799
1744940845.0572734,171,0.8325600028038025
1744940850.6426141,172,0.8380399942398071
1744940878.2885244,177,0.8217499852180481
1744940917.2988079,184,0.8093000054359436
1744940923.0666778,185,0.8016700148582458
1744940928.8419054,186,0.8057500123977661
1744940951.6652515,190,0.8514999747276306
1744940957.3510058,191,0.8592000007629395
1744940962.9098437,192,0.8610699772834778
1744941002.0769,199,0.8677499890327454
1744941019.1958275,202,0.8510599732398987
1744941025.00435,203,0.8399199843406677
1744941030.7226226,204,0.8392500281333923
1744941036.4591079,205,0.8303400278091431
1744941048.0296338,207,0.8214399814605713
1744941070.8684897,211,0.822350025177002
1744941082.2796385,213,0.8003000020980835
1744941093.7173605,215,0.7889400124549866
1744941122.041749,220,0.8015999794006348
1744941127.7733703,221,0.8050299882888794
1744941144.6273882,224,0.7978600263595581
1744941172.5466316,229,0.7635200023651123
1744941255.8319452,244,0.8374099731445312
1744941261.4105296,245,0.8440300226211548
1744941266.941465,246,0.8486599922180176
1744941333.7950509,258,0.7660700082778931
1744941339.4146404,259,0.759119987487793
1744941344.995696,260,0.7487999796867371
1744941406.0690043,271,0.7721700072288513
1744941422.3923705,274,0.753250002861023
1744941433.3001046,276,0.7718499898910522
1744941444.5167701,278,0.7874799966812134
1744941466.660466,282,0.7228800058364868
1744941483.2919946,285,0.8054500222206116
1744941500.029219,288,0.8071699738502502
1744941511.108335,290,0.8064500093460083
1744941538.8629432,295,0.7984499931335449
1744941550.028987,297,0.7764800190925598
1744941555.6139398,298,0.7772499918937683
1744941599.793033,306,0.8007400035858154
1744941610.7059035,308,0.7924799919128418
1744941632.7517655,312,0.775950014591217
1744941654.8787944,316,0.7826600074768066
1744941666.0676515,318,0.7925099730491638
1744941671.650219,319,0.7892000079154968
1744941688.5068805,322,0.7864199876785278
1744941771.9720848,337,0.8109700083732605
1744941777.5334668,338,0.8059499859809875
1744941805.4427247,343,0.7730799913406372
1744941816.7122252,345,0.7760800123214722
1744941822.35761,346,0.7790799736976624
1744941856.056241,352,0.7822200059890747
1744941867.099896,354,0.7367100119590759
1744941889.1865065,358,0.7808600068092346
1744941922.2653973,364,0.8135700225830078
1744941927.7990298,365,0.8111799955368042
1744941933.304852,366,0.8076599836349487
1744941938.8369186,367,0.7950199842453003
1744941999.30542,378,0.760640025138855
1744942043.128217,386,0.7933599948883057
1744942065.1227944,390,0.8004800081253052
1744942076.0083945,392,0.8062999844551086
1744942103.0234334,397,0.8153300285339355
1744942130.0200775,402,0.7585899829864502
1744942140.8613608,404,0.7603800296783447
1744942201.3231943,415,0.7178900241851807
1744942234.8875673,421,0.7569299936294556
1744942240.4542508,422,0.7564299702644348
1744942262.6839786,426,0.7026100158691406
1744942317.9314976,436,0.7394999861717224
1744942323.4919841,437,0.7336199879646301
1744942334.5447986,439,0.7255300283432007
1744942356.5638034,443,0.721340000629425
1744942362.063379,444,0.7247499823570251
1744942373.1731906,446,0.7091599702835083
1744942395.6742136,450,0.665120005607605
1744942406.8732612,452,0.6766200065612793
1744942429.240329,456,0.668150007724762
1744942457.0744686,461,0.6816999912261963
1744942479.3058805,465,0.6968200206756592
1744942495.7634678,468,0.6829400062561035
1744942506.6101787,470,0.679610013961792
1744942528.4335654,474,0.7010400295257568
1744942533.810932,475,0.7032700181007385
1744942561.0372376,480,0.6937800049781799
1744942566.5984015,481,0.6828100085258484
1744942599.8882682,487,0.7394199967384338
1744942610.9826698,489,0.7579699754714966
1744942638.8271558,494,0.7512900233268738
1744942661.260371,498,0.7276399731636047
1744942722.2359254,509,0.702970027923584
1744942727.6694677,510,0.7041100263595581
1744942733.1825223,511,0.7204300165176392
1744942738.7055316,512,0.7214199900627136
1744942744.272587,513,0.7110300064086914
1744942749.7934175,514,0.6976799964904785
1744942766.2556365,517,0.6543499827384949
1744942771.6756787,518,0.6546599864959717
1744942777.1289592,519,0.6560199856758118
1744942853.0909553,533,0.6969000101089478
1744942858.583208,534,0.6963000297546387
1744942869.7518299,536,0.6912000179290771
1744942875.2798185,537,0.6877300143241882
1744942880.764069,538,0.680869996547699
1744942891.729953,540,0.6746399998664856
1744942913.8820312,544,0.682449996471405
1744942924.9369874,546,0.7075999975204468
1744942947.493997,550,0.6596500277519226
1744942958.7043743,552,0.6506500244140625
1744942980.8272822,556,0.6632699966430664
1744943013.7575326,562,0.6578999757766724
1744943024.6801918,564,0.6378300189971924
1744943046.4879391,568,0.5784900188446045
1744943073.718069,573,0.6084100008010864
1744943134.1536543,584,0.6358100175857544
1744943139.7100086,585,0.6128900051116943
1744943156.1592581,588,0.5894299745559692
1744943167.0335453,590,0.6326299905776978
1744943172.5188892,591,0.6549299955368042
1744943189.0277479,594,0.7160000205039978
1744943200.1244237,596,0.7126100063323975
1744943238.6506395,603,0.6623499989509583
1744943266.2058105,608,0.6648600101470947
1744943293.7411716,613,0.6558499932289124
1744943299.2042139,614,0.6622400283813477
1744943343.447696,622,0.6414499878883362
1744943348.9825058,623,0.6333400011062622
1744943365.6237125,626,0.6146199703216553
1744943376.7275732,628,0.6301800012588501
1744943382.3039145,629,0.6307299733161926
1744943404.3686714,633,0.6055499911308289
1744943426.1250346,637,0.6290599703788757
1744943459.144876,643,0.6250500082969666
1744943464.6327703,644,0.6248999834060669
1744943492.5432897,649,0.6062999963760376
1744943503.8079796,651,0.6085000038146973
1744943526.300256,655,0.6363300085067749
1744943542.9375556,658,0.6824399828910828
1744943554.0268219,660,0.6638100147247314
1744943593.2303562,667,0.6601600050926208
1744943610.0826335,670,0.6750100255012512
1744943637.9526963,675,0.6992400288581848
1744943643.6027474,676,0.6893600225448608
1744943665.795581,680,0.6729999780654907
1744943687.7916071,684,0.6648499965667725
1744943731.7546291,692,0.6729900240898132
1744943742.7587187,694,0.6661199927330017
1744943753.8221505,696,0.6620699763298035
1744943759.321797,697,0.6635900139808655
1744943787.038905,702,0.6426500082015991
1744943831.1345162,710,0.6606600284576416
1744943859.1304414,715,0.5952399969100952
1744943892.509104,721,0.5875800251960754
1744943903.5516682,723,0.6002100110054016
1744943914.5449095,725,0.6038699746131897
1744943920.0077233,726,0.6015400290489197
1744943930.904765,728,0.6098999977111816
1744943936.344712,729,0.6150199770927429
1744943947.2659183,731,0.6189000010490417
1744943952.8320258,732,0.6197299957275391
1744943958.3813941,733,0.6235799789428711
1744943986.395266,738,0.6181399822235107
1744944020.18139,744,0.5963500142097473
1744944130.685983,764,0.6462900042533875
1744944136.1902251,765,0.637660026550293
1744944174.6959624,772,0.6753900051116943
1744944191.351114,775,0.6682100296020508
1744944196.866429,776,0.6646400094032288
1744944207.817611,778,0.6756700277328491
1744944218.7435074,780,0.6463900208473206
1744944229.6244605,782,0.6171900033950806
1744944262.5927434,788,0.5533199906349182
1744944351.5333314,804,0.6270999908447266
1744944357.075482,805,0.6032099723815918
1744944368.2025528,807,0.57819002866745
1744944384.83076,810,0.5931500196456909
1744944428.3988926,818,0.547730028629303
1744944433.7514474,819,0.5601599812507629
1744944482.8180785,828,0.592960000038147
1744944505.1207182,832,0.6924700140953064
1744944510.6624532,833,0.6998999714851379
1744944521.815959,835,0.6314299702644348
1744944527.4734015,836,0.579479992389679
1744944544.1247323,839,0.43217000365257263
1744944549.6917043,840,0.40108999609947205
1744944566.5742545,843,0.318589985370636
1744944577.789264,845,0.29879000782966614
1744944610.9539878,851,0.5064899921417236
1744944643.7636795,857,0.637179970741272
1744944660.20883,860,0.657010018825531
1744944671.2525485,862,0.6728900074958801
1744944693.23678,866,0.6291300058364868
1744944715.2798882,870,0.49470001459121704
1744944720.8212516,871,0.4763999879360199
1744944791.9564836,884,0.5156599879264832
1744944802.8825026,886,0.6302300095558167
1744944836.100378,892,0.6334999799728394
1744944852.7502344,895,0.5977399945259094
1744944863.9002373,897,0.6019399762153625
1744944886.2503731,901,0.6643499732017517
1744944891.884706,902,0.6766899824142456
1744944925.4132996,908,0.676010012626648
1744944936.3560648,910,0.6537799835205078
1744944980.830036,918,0.603630006313324
1744944997.6981077,921,0.5645700097084045
1744945036.7776577,928,0.6050099730491638
1744945047.9204042,930,0.6025599837303162
1744945053.4689097,931,0.6103000044822693
1744945059.0401094,932,0.6281200051307678
1744945114.248061,942,0.6012600064277649
1744945152.9604447,949,0.7095000147819519
1744945169.5429811,952,0.6717600226402283
1744945186.2299693,955,0.6185700297355652
1744945230.6829746,963,0.5852299928665161
1744945314.6060445,978,0.6997399926185608
1744945320.2715597,979,0.6869300007820129
1744945337.117891,982,0.6746600270271301
1744945359.370927,986,0.7333199977874756
1744945381.2470424,990,0.7028700113296509
1744945392.0673008,992,0.6836699843406677
1744945402.8839214,994,0.6529399752616882
1744945430.4452045,999,0.5879899859428406
1744945447.1469147,1002,0.6656699776649475
1744945452.6611927,1003,0.6821900010108948
1744945458.231797,1004,0.6902700066566467
1744945469.408936,1006,0.7075999975204468
1744945507.8850727,1013,0.7406899929046631
1744945518.9852593,1015,0.7510200142860413
1744945557.746161,1022,0.6932899951934814
1744945579.8958104,1026,0.6829699873924255
1744945590.8632753,1028,0.6958100199699402
1744945629.6730506,1035,0.7307699918746948
1744945635.2016943,1036,0.7357800006866455
1744945640.6953406,1037,0.7221400141716003
1744945673.8062003,1043,0.6708099842071533
1744945690.1346345,1046,0.6991099715232849
1744945744.579201,1056,0.6702499985694885
1744945766.6319277,1060,0.714900016784668
1744945777.724915,1062,0.7173399925231934
1744945822.765904,1070,0.6942899823188782
1744945828.3903513,1071,0.689050018787384
1744945839.713538,1073,0.6561300158500671
1744945862.145809,1077,0.5983899831771851
1744945879.06064,1080,0.587939977645874
1744945912.6940477,1086,0.7274900078773499
1744945918.36032,1087,0.7321400046348572
1744945978.801843,1098,0.6009200215339661
1744946000.8857222,1102,0.7714999914169312
1744946011.9291766,1104,0.7723199725151062
1744946028.550072,1107,0.7730799913406372
1744946039.7246828,1109,0.7426000237464905
1744946050.5953944,1111,0.7001000046730042
1744946066.8325582,1114,0.6395000219345093
1744946105.520513,1121,0.6599599719047546
1744946111.1377985,1122,0.7007099986076355
1744946127.9802585,1125,0.6930500268936157
1744946133.531632,1126,0.692799985408783
1744946150.125236,1129,0.6782299876213074
1744946166.5762873,1132,0.6263999938964844
1744946177.5111547,1134,0.6538599729537964
1744946205.2268198,1139,0.7573999762535095
1744946243.917192,1146,0.6675900220870972
1744946271.362817,1151,0.7047299742698669
1744946276.8249123,1152,0.711359977722168
1744946331.7402248,1162,0.6456300020217896
1744946342.914215,1164,0.6527100205421448
1744946397.6803403,1174,0.6666600108146667
1744946408.6232493,1176,0.7152199745178223
1744946414.1846566,1177,0.729420006275177
1744946442.117103,1182,0.7398800253868103
1744946453.2367785,1184,0.7256500124931335
1744946480.7995377,1189,0.6986799836158752
1744946502.7817562,1193,0.696120023727417
1744946508.2556012,1194,0.6847699880599976
1744946524.5153124,1197,0.6669099926948547
1744946573.0085373,1206,0.6792100071907043
1744946616.853995,1214,0.7658500075340271
1744946639.269121,1218,0.5361499786376953
1744946666.7786818,1223,0.5491300225257874
1744946677.9193048,1225,0.6084700226783752
1744946700.016922,1229,0.7531099915504456
1744946782.1671972,1244,0.7323799729347229
1744946793.044699,1246,0.7684599757194519
1744946815.0847826,1250,0.759190022945404
1744946820.6018364,1251,0.7534099817276001
1744946826.1305897,1252,0.7437300086021423
1744946837.2469413,1254,0.7427700161933899
1744946853.8398535,1257,0.7368299961090088
1744946870.460234,1260,0.7435399889945984
1744946876.0466213,1261,0.7303599715232849
1744946909.8051858,1267,0.6958900094032288
1744946932.2633038,1271,0.7200599908828735
1744946959.7193592,1276,0.664330005645752
1744946970.697277,1278,0.6515200138092041
1744946992.8026633,1282,0.6960999965667725
1744947009.2766566,1285,0.6638699769973755
1744947036.8637927,1290,0.6353999972343445
1744947053.5165193,1293,0.6503000259399414
1744947081.1958618,1298,0.7163800001144409
1744947086.7062192,1299,0.7026900053024292
1744947104.2170427,1302,0.6122900247573853
1744947126.1392262,1306,0.6575899720191956
1744947176.4945068,1315,0.7200000286102295
1744947215.574166,1322,0.687720000743866
1744947232.3349845,1325,0.6773300170898438
1744947237.8757253,1326,0.6729199886322021
1744947287.3185327,1335,0.7339400053024292
1744947342.1896574,1345,0.6690099835395813
1744947358.6109817,1348,0.6124799847602844
1744947391.390173,1354,0.6817700266838074
1744947424.404491,1360,0.7256100177764893
1744947446.313205,1364,0.6513199806213379
1744947468.1734688,1368,0.6250100135803223
1744947506.0445156,1375,0.6916099786758423
1744947511.4144843,1376,0.6945400238037109
1744947533.0971441,1380,0.6877700090408325
1744947565.8990674,1386,0.6023100018501282
1744947587.7445538,1390,0.6937299966812134
1744947604.264216,1393,0.7229400277137756
1744947626.18743,1397,0.7124800086021423
1744947736.5194771,1417,0.6688399910926819
1744947758.300145,1421,0.6373599767684937
1744947813.530007,1431,0.7528899908065796
1744947841.599814,1436,0.749530017375946
1744947852.856703,1438,0.7457399964332581
1744947858.504335,1439,0.7407299876213074
1744947864.1861606,1440,0.7412099838256836
1744947869.8815026,1441,0.7359700202941895
1744947915.1252997,1449,0.7470499873161316
1744947959.4071584,1457,0.7502999901771545
1744947964.8294015,1458,0.7465599775314331
1744947975.6547306,1460,0.7185500264167786
1744947981.0300736,1461,0.700950026512146
1744948046.220969,1473,0.7670699954032898
1744948051.786748,1474,0.7595900297164917
1744948062.912177,1476,0.7000399827957153
1744948123.175513,1487,0.6711099743843079
1744948139.532674,1490,0.6952000260353088
1744948161.287863,1494,0.7001199722290039
1744948183.3834243,1498,0.703279972076416
1744948205.5338016,1502,0.6609200239181519
1744948244.3304808,1509,0.6323599815368652
1744948249.9822924,1510,0.6501299738883972
1744948255.6606276,1511,0.6707800030708313
1744948266.9041438,1513,0.6746100187301636
1744948283.6346784,1516,0.6617799997329712
1744948349.869598,1528,0.6948800086975098
1744948383.0385516,1534,0.697350025177002
1744948399.329284,1537,0.6927400231361389
1744948404.7126715,1538,0.689079999923706
1744948459.0387876,1548,0.7013300061225891
1744948475.26321,1551,0.69309002161026
1744948480.6396503,1552,0.6894699931144714
1744948535.7019095,1562,0.6685000061988831
1744948552.1937938,1565,0.5991100072860718
1744948557.7160544,1566,0.5945199728012085
1744948568.6876454,1568,0.6241099834442139
1744948590.6857858,1572,0.7342699766159058
1744948596.2029972,1573,0.7514600157737732
1744948612.6161208,1576,0.7645400166511536
1744948634.6017067,1580,0.7434899806976318
1744948661.95928,1585,0.7040600180625916
1744948722.5564573,1596,0.7329599857330322
1744948750.361935,1601,0.7460700273513794
1744948761.526296,1603,0.7489100098609924
1744948805.4520192,1611,0.7379500269889832
1744948894.5283926,1627,0.7120500206947327
1744948938.8117104,1635,0.7391600012779236
1744948949.9797018,1637,0.7451599836349487
1744948966.580884,1640,0.756850004196167
1744949000.0680745,1646,0.6508899927139282
1744949005.5980637,1647,0.6122599840164185
1744949044.1643658,1654,0.6797299981117249
1744949088.5281537,1662,0.7607600092887878
1744949110.562321,1666,0.6847400069236755
1744949132.4032693,1670,0.45245999097824097
1744949154.7154665,1674,0.6094800233840942
1744949171.2650795,1677,0.6925399899482727
1744949182.3693583,1679,0.6726700067520142
1744949215.7071388,1685,0.6036700010299683
1744949221.3254583,1686,0.6495299935340881
1744949226.9310005,1687,0.6754400134086609
1744949232.5460365,1688,0.6947199702262878
1744949265.847921,1694,0.7523000240325928
1744949271.3103962,1695,0.7515699863433838
1744949309.2951522,1702,0.6471400260925293
1744949320.1755652,1704,0.6127499938011169
1744949336.5339956,1707,0.5855100154876709
1744949347.4873974,1709,0.6223700046539307
1744949352.9692276,1710,0.6459699869155884
1744949358.4872146,1711,0.6538400053977966
1744949396.8497293,1718,0.693340003490448
1744949418.836218,1722,0.6499699950218201
1744949424.3563006,1723,0.6496800184249878
1744949435.4383268,1725,0.657260000705719
1744949463.0982163,1730,0.5727400183677673
1744949507.7609754,1738,0.4996500015258789
1744949513.3156488,1739,0.5753399729728699
1744949535.3139896,1743,0.6525999903678894
1744949546.1978323,1745,0.6273599863052368
1744949590.65983,1753,0.657010018825531
1744949596.284128,1754,0.6551799774169922
1744949657.1950607,1765,0.5704100131988525
1744949712.532333,1775,0.6998100280761719
1744949723.6208556,1777,0.6944599747657776
1744949740.2933567,1780,0.6910399794578552
1744949762.5870955,1784,0.6749500036239624
1744949768.0928214,1785,0.6772699952125549
1744949773.671205,1786,0.6826000213623047
1744949790.1280246,1789,0.6930299997329712
1744949806.6553004,1792,0.7138400077819824
1744949828.497997,1796,0.7201600074768066
1744949850.2185915,1800,0.6998000144958496
1744949953.232698,1819,0.6919900178909302
1744949975.0650692,1823,0.6819499731063843
1744949997.038731,1827,0.6491900086402893
1744950013.6431592,1830,0.5798199772834778
1744950024.7650728,1832,0.576960027217865
1744950046.7926226,1836,0.6405100226402283
1744950057.8780522,1838,0.6479200124740601
1744950107.6332777,1847,0.6954100131988525
1744950129.4314537,1851,0.6906099915504456
1744950177.7442942,1860,0.6820499897003174
1744950204.6435544,1865,0.694890022277832
1744950210.0999172,1866,0.6964100003242493
1744950215.6125271,1867,0.7055100202560425
1744950286.774615,1880,0.711899995803833
1744950303.312005,1883,0.744350016117096
1744950319.9231815,1886,0.7406600117683411
1744950330.8840744,1888,0.7077000141143799
1744950369.1069086,1895,0.6731399893760681
1744950390.8283281,1899,0.7150200009346008
1744950407.1225126,1902,0.7200899720191956
1744950440.2254863,1908,0.7422199845314026
1744950445.7894287,1909,0.7393900156021118
1744950451.299245,1910,0.7380599975585938
1744950467.8708098,1913,0.7338899970054626
1744950495.464726,1918,0.7368599772453308
1744950528.8498342,1924,0.7599999904632568
1744950534.3898008,1925,0.7574899792671204
1744950589.7302089,1935,0.7361199855804443
1744950595.2497542,1936,0.7308800220489502
1744950617.5770829,1940,0.7473300099372864
1744950623.1195085,1941,0.748740017414093
1744950645.721123,1945,0.761489987373352
1744950656.971364,1947,0.7577700018882751
1744950690.7186012,1953,0.764680027961731
1744950707.2731683,1956,0.7440299987792969
1744950729.4284933,1960,0.7571700215339661
1744950734.9197094,1961,0.7652199864387512
1744950745.9365695,1963,0.7732800245285034
1744950751.3744745,1964,0.7734500169754028
1744950762.4117322,1966,0.7576799988746643
1744950823.3186586,1977,0.728410005569458
1744950834.4809237,1979,0.7158499956130981
1744950879.3173618,1987,0.7156999707221985
1744950884.899587,1988,0.71670001745224
1744950901.8247387,1991,0.7206799983978271
1744951069.4197161,2021,0.7828900218009949
1744951097.0770965,2026,0.7603800296783447
1744951146.1153648,2035,0.644320011138916
1744951151.526964,2036,0.6065700054168701
1744951189.6749816,2043,0.753030002117157
1744951211.4902215,2047,0.7226700186729431
1744951249.778396,2054,0.7070199847221375
1744951255.3893561,2055,0.6934999823570251
1744951322.7799478,2067,0.7818700075149536
1744951339.5631304,2070,0.7512099742889404
1744951389.4171607,2079,0.7339500188827515
1744951433.0247304,2087,0.7531399726867676
1744951443.8324165,2089,0.7253599762916565
1744951487.5306065,2097,0.5931599736213684
1744951493.028234,2098,0.5855500102043152
1744951504.0521004,2100,0.6258500218391418
1744951520.4828916,2103,0.7053499817848206
1744951531.445774,2105,0.7862200140953064
1744951553.7092383,2109,0.7475299835205078
1744951559.2554355,2110,0.7172099947929382
1744951581.4727287,2114,0.5925899744033813
1744951586.9973135,2115,0.5716300010681152
1744951609.0130036,2119,0.6176000237464905
1744951614.5265243,2120,0.6415799856185913
1744951631.1667733,2123,0.7050600051879883
1744951636.706461,2124,0.7191799879074097
1744951653.2515872,2127,0.7346600294113159
1744951703.0697272,2136,0.7161800265312195
1744951719.6189673,2139,0.6670299768447876
1744951774.5476518,2149,0.6422600150108337
1744951829.772899,2159,0.7766500115394592
1744951846.2186415,2162,0.8026900291442871
1744951884.7403338,2169,0.763949990272522
1744951923.6414218,2176,0.722000002861023
1744951985.201465,2187,0.8215600252151489
1744951996.4162238,2189,0.8304299712181091
1744952024.4442248,2194,0.8306000232696533
1744952052.385563,2199,0.8104400038719177
1744952063.4257433,2201,0.8109700083732605
1744952074.5123193,2203,0.7893999814987183
1744952107.4837568,2209,0.7258599996566772
1744952118.4513628,2211,0.7324399948120117
1744952135.0983207,2214,0.7428799867630005
1744952140.6987092,2215,0.7386000156402588
1744952174.174281,2221,0.7871999740600586
1744952196.6240735,2225,0.7981500029563904
1744952259.0464947,2236,0.807420015335083
1744952276.0241907,2239,0.8184300065040588
1744952303.8975189,2244,0.7674599885940552
1744952375.7658505,2257,0.7406399846076965
1744952414.0675185,2264,0.749750018119812
1744952430.4783401,2267,0.7566699981689453
1744952508.2322543,2281,0.7372000217437744
1744952569.4130607,2292,0.7488999962806702
1744952613.744558,2300,0.7959399819374084
1744952641.4448943,2305,0.8147799968719482
1744952646.9832852,2306,0.8056399822235107
1744952674.5567963,2311,0.7757800221443176
1744952702.078996,2316,0.7659199833869934
1744952718.5365093,2319,0.763949990272522
1744952746.0057502,2324,0.7485600113868713
1744952789.545922,2332,0.7629799842834473
1744952805.7536259,2335,0.7703499794006348
1744952843.9506023,2342,0.7898399829864502
1744952849.486969,2343,0.7796599864959717
1744952855.0292432,2344,0.7785599827766418
1744952866.17096,2346,0.7465900182723999
1744952899.1456034,2352,0.7567399740219116
1744952926.6117444,2357,0.7767099738121033
1744952937.7874928,2359,0.7597600221633911
1744953016.0967286,2373,0.7726600170135498
1744953077.6678734,2384,0.7600499987602234
1744953105.7389607,2389,0.7433599829673767
1744953117.0317137,2391,0.726639986038208
1744953128.3542278,2393,0.6976500153541565
1744953133.9971604,2394,0.6979699730873108
1744953150.8613417,2397,0.7281299829483032
1744953156.4917166,2398,0.736810028553009
1744953321.7667115,2428,0.764680027961731
1744953338.147654,2431,0.7369400262832642
1744953360.4540455,2435,0.7026799917221069
1744953366.1077535,2436,0.6973699927330017
1744953394.07564,2441,0.614799976348877
1744953399.767895,2442,0.6138299703598022
1744953467.9907377,2454,0.5527799725532532
1744953513.2953563,2462,0.6129400134086609
1744953524.5372326,2464,0.6180599927902222
1744953530.0929692,2465,0.5988100171089172
1744953552.6003687,2469,0.538349986076355
1744953575.062898,2473,0.5992799997329712
1744953597.4451506,2477,0.6878600120544434
1744953641.8131144,2485,0.5122900009155273
1744953663.9752262,2489,0.5283399820327759
1744953686.1169949,2493,0.5541899800300598
1744953713.8514001,2498,0.4590199887752533
1744953725.0265193,2500,0.4987500011920929
1744953741.5336485,2503,0.6098600029945374
1744953752.5837278,2505,0.6517500281333923
1744953758.0815666,2506,0.6598700284957886
1744953769.1967175,2508,0.6864299774169922
1744953796.8430405,2513,0.7220399975776672
1744953819.0797544,2517,0.6136699914932251
1744953824.7045727,2518,0.5930899977684021
1744953830.2156706,2519,0.5868499875068665
1744953841.2696152,2521,0.5548499822616577
1744953852.3892446,2523,0.5385000109672546
1744953879.9804,2528,0.5969399809837341
1744953891.0521536,2530,0.658490002155304
1744953934.7234972,2538,0.6898999810218811
1744953962.132303,2543,0.6584200263023376
1744954084.238657,2565,0.7196699976921082
1744954089.7669365,2566,0.7249400019645691
1744954100.751739,2568,0.7367600202560425
1744954139.16371,2575,0.7242599725723267
1744954150.313574,2577,0.6748200058937073
1744954155.8498263,2578,0.6442499756813049
1744954183.549834,2583,0.6198300123214722
1744954189.043153,2584,0.6572999954223633
1744954194.5787032,2585,0.6927599906921387
1744954210.847958,2588,0.6927800178527832
1744954216.2180421,2589,0.6960700154304504
1744954232.3611073,2592,0.7185400128364563
1744954270.3490422,2599,0.7583100199699402
1744954281.2212274,2601,0.7410699725151062
1744954308.774483,2606,0.7033399939537048
1744954369.5722904,2617,0.6788100004196167
1744954375.0465991,2618,0.6839799880981445
1744954380.5480447,2619,0.6937900185585022
1744954423.8799329,2627,0.7422999739646912
1744954429.33747,2628,0.7548499703407288
1744954456.7074745,2633,0.7351499795913696
1744954462.1748326,2634,0.7364500164985657
1744954467.6405263,2635,0.737060010433197
1744954473.1181161,2636,0.7365800142288208
1744954484.1632752,2638,0.7335000038146973
1744954489.5969484,2639,0.7296000123023987
1744954495.0505688,2640,0.7270699739456177
1744954511.4492824,2643,0.741569995880127
1744954605.035861,2660,0.747409999370575
1744954616.1288931,2662,0.7402600049972534
1744954660.191714,2670,0.7749199867248535
1744954665.672999,2671,0.7762200236320496
1744954671.1292603,2672,0.7767699956893921
1744954682.166684,2674,0.7800700068473816
1744954720.8020713,2681,0.777209997177124
1744954737.6180725,2684,0.7839099764823914
1744954748.6346169,2686,0.7927899956703186
1744954765.0201511,2689,0.8001199960708618
1744954775.9799473,2691,0.8012700080871582
1744954787.03762,2693,0.797249972820282
1744954837.14969,2702,0.7889599800109863
1744954859.4435308,2706,0.7902699708938599
1744954870.4647658,2708,0.7880899906158447
1744954892.7755523,2712,0.7919999957084656
1744954898.403848,2713,0.7815899848937988
1744954920.7924144,2717,0.7826700210571289
1744954926.3419783,2718,0.7875800132751465
1744954931.9042387,2719,0.7885100245475769
1744954959.925435,2724,0.7884600162506104
1744954987.7394447,2729,0.8069400191307068
1744954993.3518717,2730,0.7976099848747253
1744955015.484695,2734,0.7534499764442444
1744955043.2040186,2739,0.7360399961471558
1744955048.7964308,2740,0.7414100170135498
1744955054.41285,2741,0.7315700054168701
1744955071.2629433,2744,0.7183099985122681
1744955076.8679216,2745,0.7132400274276733
1744955122.2677238,2753,0.7201099991798401
1744955127.8898642,2754,0.7308700084686279
1744955133.5470777,2755,0.7387999892234802
1744955161.203852,2760,0.783050000667572
1744955166.636701,2761,0.7771700024604797
1744955188.306969,2765,0.761489987373352
1744955204.6379683,2768,0.76419997215271
1744955220.8683987,2771,0.7710899710655212
1744955231.753909,2773,0.774179995059967
1744955242.6245105,2775,0.7677599787712097
1744955259.125726,2778,0.7610999941825867
1744955264.6545222,2779,0.7566400170326233
1744955298.0074172,2785,0.7118200063705444
1744955365.5158696,2797,0.7574800252914429
1744955376.7303271,2799,0.7581400275230408
1744955448.230781,2812,0.7707700133323669
1744955453.8438654,2813,0.7679100036621094
1744955514.1748521,2824,0.7376700043678284
1744955519.603248,2825,0.7396699786186218
1744955568.9075727,2834,0.7680100202560425
1744955579.8144958,2836,0.7757099866867065
1744955590.81317,2838,0.7808600068092346
1744955607.2489262,2841,0.7839499711990356
1744955623.722611,2844,0.7869300246238708
1744955640.3416672,2847,0.7701200246810913
1744955662.6617544,2851,0.7021099925041199
1744955668.2454004,2852,0.6889500021934509
1744955695.936643,2857,0.6933199763298035
1744955706.972427,2859,0.7292900085449219
1744955717.976868,2861,0.7546300292015076
1744955723.4624066,2862,0.7660300135612488
1744955745.4072773,2866,0.7860400080680847
1744955816.8833022,2879,0.7194200158119202
1744955827.8041825,2881,0.7146700024604797
1744955833.2846644,2882,0.7158300280570984
1744955844.251297,2884,0.7253999710083008
1744955871.728918,2889,0.743910014629364
1744955882.793508,2891,0.7376800179481506
1744955893.835585,2893,0.7334399819374084
1744955904.8321292,2895,0.7245299816131592
1744955949.2360258,2903,0.6935700178146362
1744955993.705286,2911,0.7752599716186523
1744956010.4479206,2914,0.7723600268363953
1744956016.0457299,2915,0.7653200030326843
1744956032.8495462,2918,0.7718999981880188
1744956044.1277897,2920,0.791949987411499
1744956049.770046,2921,0.7967399954795837
1744956066.6230612,2924,0.8050000071525574
1744956099.9386237,2930,0.7505000233650208
1744956121.9171658,2934,0.6912099719047546
1744956127.4508684,2935,0.6737200021743774
1744956204.4472456,2949,0.7268199920654297
1744956220.731845,2952,0.7517300248146057
1744956236.925617,2955,0.7457200288772583
1744956253.1863115,2958,0.7373300194740295
1744956275.1395063,2962,0.6821500062942505
1744956291.6195831,2965,0.6613900065422058
1744956297.1670582,2966,0.6579099893569946
1744956302.6694918,2967,0.6525700092315674
1744956336.047115,2973,0.6958000063896179
1744956364.1916559,2978,0.7152199745178223
1744956369.7831767,2979,0.7123600244522095
1744956397.2430096,2984,0.7297300100326538
1744956408.2539275,2986,0.7364000082015991
1744956446.5099752,2993,0.7765100002288818
1744956462.9433093,2996,0.7865999937057495
1744956473.8706794,2998,0.7973099946975708
1744956479.3535109,2999,0.8058199882507324
1744956490.1651406,3001,0.8187400102615356
1744956495.6132908,3002,0.8161500096321106
1744956506.4315865,3004,0.8012199997901917
1744956538.9061036,3010,0.7180699706077576
1744956582.9818869,3018,0.7118600010871887
1744956588.510271,3019,0.727150022983551
1744956616.0271797,3024,0.7747200131416321
1744956643.1220937,3029,0.7744799852371216
1744956670.213386,3034,0.738319993019104
1744956740.6209357,3047,0.7673900127410889
1744956746.058244,3048,0.771809995174408
1744956751.5090604,3049,0.7674499750137329
1744956806.4492254,3059,0.6896799802780151
1744956844.6226099,3066,0.7114700078964233
1744956860.9303553,3069,0.7229099869728088
1744956888.2512693,3074,0.7526599764823914
1744956937.8985474,3083,0.7821999788284302
1744956943.4204338,3084,0.7906100153923035
1744956948.8873837,3085,0.7915899753570557
1744956976.1312428,3090,0.7911700010299683
1744957008.6144621,3096,0.7538800239562988
1744957024.7128913,3099,0.7536500096321106
1744957046.1199017,3103,0.7324399948120117
1744957051.4376779,3104,0.7308400273323059
1744957056.8052988,3105,0.718779981136322
1744957067.5258625,3107,0.6967099905014038
1744957088.8975897,3111,0.690310001373291
1744957105.0965836,3114,0.6795099973678589
1744957110.5398061,3115,0.6711199879646301
1744957132.3189757,3119,0.5603799819946289
1744957137.7570162,3120,0.5487200021743774
1744957143.1670623,3121,0.589900016784668
1744957170.420141,3126,0.7175700068473816
1744957181.4663208,3128,0.7105399966239929
1744957236.981576,3138,0.6890599727630615
1744957242.5241113,3139,0.6981599926948547
1744957275.7027287,3145,0.7342100143432617
1744957302.7903817,3150,0.7748600244522095
1744957313.67196,3152,0.7833099961280823
1744957329.9901,3155,0.7997400164604187
1744957394.9363165,3167,0.7597900032997131
1744957410.8700132,3170,0.7740100026130676
1744957426.9891791,3173,0.7827699780464172
1744957453.9134653,3178,0.7860999703407288
1744957470.1439369,3181,0.783519983291626
1744957502.5732274,3187,0.7914000153541565
1744957518.7396805,3190,0.7916799783706665
1744957529.4068565,3192,0.8061800003051758
1744957556.3369508,3197,0.8252300024032593
1744957567.169725,3199,0.8168900012969971
1744957588.68451,3203,0.7619199752807617
1744957594.098181,3204,0.7701600193977356
1744957637.5927892,3212,0.7926700115203857
1744957659.4460435,3216,0.7959499955177307
1744957664.9167018,3217,0.7940599918365479
1744957681.2812657,3220,0.7837499976158142
1744957692.1960254,3222,0.7803800106048584
1744957729.9441855,3229,0.7826799750328064
1744957751.8028674,3233,0.7956900000572205
1744957773.7000804,3237,0.7655400037765503
1744957795.4996169,3241,0.7387700080871582
1744957806.3891866,3243,0.7433300018310547
1744957839.215351,3249,0.7617499828338623
1744957905.012476,3261,0.7522799968719482
1744957916.0395687,3263,0.7505199909210205
1744957927.0193634,3265,0.7454800009727478
1744957943.7246034,3268,0.7397500276565552
1744957960.339867,3271,0.765999972820282
1744957976.9074247,3274,0.7811599969863892
1744957982.376711,3275,0.77920001745224
1744958009.8145282,3280,0.7659800052642822
1744958053.852185,3288,0.760699987411499
1744958086.6818404,3294,0.740559995174408
1744958103.0881965,3297,0.7460200190544128
1744958108.5789092,3298,0.7546399831771851
1744958152.1798296,3306,0.7887600064277649
1744958195.4910202,3314,0.7232499718666077
1744958244.458956,3323,0.7688000202178955
1744958266.2888484,3327,0.7935900092124939
1744958304.6057584,3334,0.7588499784469604
1744958337.3150802,3340,0.7627400159835815
1744958364.2833338,3345,0.783079981803894
1744958406.9925928,3353,0.7630000114440918
1744958417.5587811,3355,0.766290009021759
1744958422.8273964,3356,0.7704799771308899
1744958454.7882452,3362,0.7930099964141846
1744958465.3699553,3364,0.7992299795150757
1744958470.6471863,3365,0.7973399758338928
1744958475.9104965,3366,0.7985900044441223
1744958497.0867486,3370,0.7909600138664246
1744958502.3469927,3371,0.7905899882316589
1744958507.6459072,3372,0.7880499958992004
1744958518.255614,3374,0.7837100028991699
1744958534.1694899,3377,0.7789999842643738
1744958544.8559728,3379,0.7739199995994568
1744958571.4335494,3384,0.7613000273704529
1744958576.8410642,3385,0.7624599933624268
1744958592.9531157,3388,0.7724800109863281
1744958619.912429,3393,0.7866299748420715
1744958625.3128033,3394,0.7926899790763855
1744958641.382849,3397,0.7973700165748596
1744958667.8928874,3402,0.790910005569458
1744958678.4691842,3404,0.7759400010108948
1744958694.3725657,3407,0.7646700143814087
1744958699.7059934,3408,0.7727000117301941
1744958705.0529811,3409,0.7828099727630615
1744958721.0214043,3412,0.7961599826812744
1744958753.309099,3418,0.7246400117874146
1744958774.8169067,3422,0.6925600171089172
1744958796.3729503,3426,0.7013000249862671
1744958833.901675,3433,0.7483100295066833
1744958839.2650635,3434,0.7455199956893921
1744958850.1240473,3436,0.7092599868774414
1744958866.3724444,3439,0.7075999975204468
1744958893.3908565,3444,0.7718200087547302
1744958946.4987001,3454,0.8110499978065491
1744958951.7424455,3455,0.8109099864959717
1744958972.9432888,3459,0.8141700029373169
1744958983.5602515,3461,0.8160799741744995
1744959020.9281614,3468,0.78684002161026
1744959031.6864815,3470,0.7898499965667725
1744959042.491613,3472,0.7808099985122681
1744959058.5666952,3475,0.7729099988937378
1744959085.4758492,3480,0.8041300177574158
1744959090.861556,3481,0.8012300133705139
1744959096.2507148,3482,0.803600013256073
1744959101.6280982,3483,0.7972300052642822
1744959107.0079248,3484,0.7894499897956848
1744959112.383822,3485,0.7824900150299072
1744959133.953094,3489,0.7656499743461609
1744959144.7634785,3491,0.7575200200080872
1744959155.6106231,3493,0.7724199891090393
1744959171.9877877,3496,0.7841500043869019
1744959188.2370582,3499,0.7648100256919861
1744959193.6736963,3500,0.7558199763298035
1744959210.046779,3503,0.7451900243759155
1744959269.6053088,3514,0.7286900281906128
1744959296.0172791,3519,0.720579981803894
1744959301.2945027,3520,0.7200300097465515
1744959333.4060476,3526,0.6834400296211243
1744959359.9561806,3531,0.7381299734115601
1744959381.073931,3535,0.7694500088691711
1744959386.3689084,3536,0.7802799940109253
1744959412.8319998,3541,0.7667400240898132
1744959428.741409,3544,0.7635700106620789
1744959460.6175375,3550,0.7983700037002563
1744959481.843327,3554,0.7974799871444702
1744959503.064829,3558,0.7719299793243408
1744959513.6632285,3560,0.7635700106620789
1744959545.6339946,3566,0.7497299909591675
1744959561.7270427,3569,0.7526199817657471
1744959583.2496967,3573,0.7275500297546387
1744959594.016156,3575,0.7423200011253357
1744959599.4212325,3576,0.743910014629364
1744959615.7131648,3579,0.7441400289535522
1744959621.1351547,3580,0.73403000831604
1744959643.011828,3584,0.6919000148773193
1744959659.4957564,3587,0.6817600131034851
1744959664.9778936,3588,0.6694999933242798
1744959670.4459157,3589,0.6632900238037109
1744959681.4074118,3591,0.6599100232124329
1744959730.6373496,3600,0.7537999749183655
1744959774.5431538,3608,0.7764400243759155
1744959801.6505756,3613,0.7555699944496155
1744959807.026192,3614,0.7437499761581421
1744959812.3915648,3615,0.7402799725532532
1744959817.783556,3616,0.7346699833869934
1744959834.101381,3619,0.7501599788665771
1744959855.79762,3623,0.7712399959564209
1744959893.8893013,3630,0.760699987411499
1744959942.835061,3639,0.7780500054359436
1744959958.85521,3642,0.7796800136566162
1744960023.064666,3654,0.7572399973869324
1744960039.2037108,3657,0.7562100291252136
1744960050.005106,3659,0.763159990310669
1744960060.8306112,3661,0.747409999370575
1744960077.0330594,3664,0.736299991607666
1744960087.787723,3666,0.7172200083732605
1744960098.5727623,3668,0.7092000246047974
1744960109.3932006,3670,0.7302700281143188
1744960114.773766,3671,0.7359399795532227
1744960120.147383,3672,0.736840009689331
1744960185.1126626,3684,0.7521600127220154
1744960217.4596777,3690,0.7726799845695496
1744960266.5018456,3699,0.7534099817276001
1744960271.9310982,3700,0.7615900039672852
1744960309.7415323,3707,0.7933899760246277
1744960331.0979893,3711,0.8147100210189819
1744960336.431798,3712,0.8098099827766418
1744960363.2530825,3717,0.7858800292015076
1744960368.593553,3718,0.7872700095176697
1744960384.6983104,3721,0.7813299894332886
1744960427.8920197,3729,0.7903100252151489
1744960444.007309,3732,0.7775200009346008
1744960449.4013758,3733,0.7711899876594543
1744960497.4836166,3742,0.7596700191497803
1744960513.5744348,3745,0.7805399894714355
1744960518.9385326,3746,0.7801799774169922
1744960529.6336856,3748,0.7881399989128113
1744960535.0057828,3749,0.791700005531311
1744960551.2103384,3752,0.7781400084495544
1744960556.5729413,3753,0.7853999733924866
1744960561.9536912,3754,0.7924799919128418
1744960599.922229,3761,0.7954300045967102
1744960610.8222716,3763,0.7920299768447876
1744960621.5537384,3765,0.787339985370636
1744960686.3226893,3777,0.764710009098053
1744960702.4079952,3780,0.7663400173187256
1744960707.749968,3781,0.7745500206947327
1744960713.1370652,3782,0.7715799808502197
1744960718.4851992,3783,0.7775599956512451
1744960740.0739255,3787,0.7536900043487549
1744960756.1813586,3790,0.7180699706077576
1744960837.5539384,3805,0.76978999376297
1744960842.9983974,3806,0.7692000269889832
1744960848.4312885,3807,0.7689499855041504
1744960881.2150764,3813,0.7369800209999084
1744960892.0622299,3815,0.7355499863624573
1744960913.6710837,3819,0.7584499716758728
1744960935.394602,3823,0.7580199837684631
1744960940.8094273,3824,0.7587900161743164
1744960968.0522335,3829,0.7702000141143799
1744961022.6544151,3839,0.7381799817085266
1744961071.901919,3848,0.745199978351593
1744961082.6758723,3850,0.747409999370575
1744961088.0349214,3851,0.752020001411438
1744961093.4209502,3852,0.752839982509613
1744961109.4694178,3855,0.73225998878479
1744961120.1678655,3857,0.7289299964904785
1744961136.2851954,3860,0.7223799824714661
1744961185.216119,3869,0.7508800029754639
1744961201.4787574,3872,0.7536900043487549
1744961217.7213845,3875,0.7843400239944458
1744961271.5900571,3885,0.7686399817466736
1744961335.548745,3897,0.7504900097846985
1744961362.4949884,3902,0.7405700087547302
1744961395.2110405,3908,0.7738900184631348
1744961400.6905417,3909,0.7818499803543091
1744961411.5986304,3911,0.799589991569519
1744961433.5095153,3915,0.8145400285720825
1744961466.1670687,3921,0.821370005607605
1744961482.521125,3924,0.8137800097465515
1744961493.2459874,3926,0.8056700229644775
1744961503.959902,3928,0.8029400110244751
1744961520.0154152,3931,0.8100299835205078
1744961530.6727014,3933,0.8193100094795227
1744961536.03039,3934,0.8201500177383423
1744961546.8131948,3936,0.811269998550415
1744961562.9790318,3939,0.8335999846458435
1744961638.1205318,3953,0.8401200175285339
1744961643.4849913,3954,0.8390600085258484
1744961659.5092826,3957,0.8386800289154053
1744961691.5557024,3963,0.8405699729919434
1744961702.273534,3965,0.8503400087356567
1744961707.593209,3966,0.851639986038208
1744961754.8976336,3975,0.8326399922370911
1744961760.1272922,3976,0.8294299840927124
1744961786.424937,3981,0.8197500109672546
1744961791.6631486,3982,0.8216000199317932
1744961796.8982027,3983,0.8149200081825256
1744961812.664455,3986,0.805840015411377
1744961817.9282777,3987,0.8118199706077576
1744961844.1314683,3992,0.8085100054740906
1744961870.1921215,3997,0.8151599764823914
1744961880.7272725,3999,0.8276799917221069
